,FIPS,Unemployment_rate_2018
0,0,3.9
1,1000,3.9
2,1001,3.6
3,1003,3.6
4,1005,5.1
5,1007,3.9
6,1009,3.5
7,1011,4.6
8,1013,4.7
9,1015,4.6
10,1017,3.8
11,1019,3.5
12,1021,3.6
13,1023,5.4
14,1025,7.4
15,1027,3.8
16,1029,4.2
17,1031,3.9
18,1033,4.5
19,1035,5.1
20,1037,4.1
21,1039,4.5
22,1041,4.0
23,1043,3.2
24,1045,4.1
25,1047,6.4
26,1049,3.8
27,1051,3.4
28,1053,4.5
29,1055,4.0
30,1057,4.0
31,1059,3.7
32,1061,3.9
33,1063,6.6
34,1065,5.0
35,1067,4.4
36,1069,4.0
37,1071,4.0
38,1073,3.7
39,1075,3.7
40,1077,4.1
41,1079,4.1
42,1081,3.6
43,1083,3.5
44,1085,7.2
45,1087,5.3
46,1089,3.4
47,1091,4.9
48,1093,4.0
49,1095,3.3
50,1097,4.6
51,1099,6.0
52,1101,3.9
53,1103,3.4
54,1105,6.4
55,1107,4.5
56,1109,4.5
57,1111,4.0
58,1113,4.0
59,1115,3.4
60,1117,2.8
61,1119,5.7
62,1121,4.2
63,1123,4.1
64,1125,3.6
65,1127,4.2
66,1129,5.7
67,1131,9.4
68,1133,4.1
69,2000,6.5
70,2013,3.1
71,2016,3.5
72,2020,5.4
73,2050,12.7
74,2060,6.1
75,2068,7.8
76,2070,8.0
77,2090,5.7
78,2100,9.6
79,2105,12.4
80,2110,4.3
81,2122,7.5
82,2130,6.0
83,2150,5.8
84,2158,19.6
85,2164,10.9
86,2170,7.4
87,2180,11.3
88,2185,6.8
89,2188,13.6
90,2195,8.6
91,2198,10.6
92,2201,
93,2220,4.1
94,2230,9.4
95,2232,
96,2240,9.5
97,2261,7.2
98,2275,6.9
99,2280,
100,2282,8.1
101,2290,14.6
102,4000,4.7
103,4001,9.8
104,4003,5.5
105,4005,5.4
106,4007,5.7
107,4009,5.0
108,4011,4.1
109,4012,6.1
110,4013,4.1
111,4015,5.6
112,4017,7.6
113,4019,4.4
114,4021,4.9
115,4023,9.1
116,4025,4.4
117,4027,16.7
118,5000,3.6
119,5001,3.3
120,5003,5.2
121,5005,4.1
122,5007,2.9
123,5009,3.5
124,5011,4.3
125,5013,3.8
126,5015,3.2
127,5017,6.7
128,5019,3.6
129,5021,4.3
130,5023,4.5
131,5025,3.8
132,5027,4.7
133,5029,4.3
134,5031,3.0
135,5033,3.5
136,5035,4.3
137,5037,4.1
138,5039,4.2
139,5041,4.4
140,5043,4.8
141,5045,3.2
142,5047,3.5
143,5049,4.0
144,5051,4.0
145,5053,3.1
146,5055,3.4
147,5057,3.5
148,5059,3.7
149,5061,3.4
150,5063,4.0
151,5065,5.4
152,5067,6.0
153,5069,5.2
154,5071,4.5
155,5073,5.1
156,5075,3.9
157,5077,4.8
158,5079,4.2
159,5081,5.2
160,5083,4.0
161,5085,3.1
162,5087,2.9
163,5089,4.1
164,5091,4.8
165,5093,5.6
166,5095,4.2
167,5097,4.7
168,5099,3.4
169,5101,3.3
170,5103,4.5
171,5105,4.1
172,5107,6.0
173,5109,4.0
174,5111,3.8
175,5113,4.1
176,5115,4.4
177,5117,3.8
178,5119,3.4
179,5121,3.9
180,5123,5.0
181,5125,3.0
182,5127,3.6
183,5129,4.3
184,5131,3.5
185,5133,4.5
186,5135,4.7
187,5137,4.5
188,5139,5.4
189,5141,5.2
190,5143,2.6
191,5145,4.3
192,5147,4.7
193,5149,4.1
194,6000,4.3
195,6001,3.1
196,6003,4.6
197,6005,4.1
198,6007,5.1
199,6009,4.1
200,6011,13.3
201,6013,3.2
202,6015,5.7
203,6017,3.7
204,6019,7.6
205,6021,6.6
206,6023,3.6
207,6025,18.9
208,6027,3.9
209,6029,8.1
210,6031,7.9
211,6033,5.3
212,6035,4.8
213,6037,4.6
214,6039,7.1
215,6041,2.4
216,6043,5.4
217,6045,4.0
218,6047,8.4
219,6049,7.6
220,6051,4.1
221,6053,6.4
222,6055,3.0
223,6057,3.5
224,6059,3.0
225,6061,3.2
226,6063,7.6
227,6065,4.5
228,6067,3.9
229,6069,5.1
230,6071,4.1
231,6073,3.4
232,6075,2.4
233,6077,6.1
234,6079,3.0
235,6081,2.3
236,6083,4.0
237,6085,2.7
238,6087,5.0
239,6089,5.0
240,6091,6.1
241,6093,6.8
242,6095,4.0
243,6097,2.8
244,6099,6.5
245,6101,7.7
246,6103,5.8
247,6105,5.8
248,6107,9.8
249,6109,4.7
250,6111,3.8
251,6113,4.3
252,6115,6.5
253,8000,3.2
254,8001,3.3
255,8003,3.9
256,8005,3.1
257,8007,3.3
258,8009,1.8
259,8011,3.1
260,8013,2.7
261,8014,2.8
262,8015,2.6
263,8017,1.8
264,8019,2.9
265,8021,4.1
266,8023,4.3
267,8025,4.2
268,8027,3.6
269,8029,3.9
270,8031,3.1
271,8033,2.8
272,8035,2.7
273,8037,2.6
274,8039,2.7
275,8041,3.8
276,8043,5.0
277,8045,3.1
278,8047,2.4
279,8049,2.6
280,8051,2.4
281,8053,2.7
282,8055,6.4
283,8057,2.6
284,8059,2.9
285,8061,1.8
286,8063,2.0
287,8065,2.6
288,8067,2.9
289,8069,2.7
290,8071,4.5
291,8073,2.4
292,8075,2.7
293,8077,3.9
294,8079,2.5
295,8081,3.6
296,8083,4.6
297,8085,3.6
298,8087,2.8
299,8089,4.9
300,8091,3.4
301,8093,2.7
302,8095,1.9
303,8097,3.7
304,8099,3.2
305,8101,4.7
306,8103,4.1
307,8105,4.8
308,8107,2.6
309,8109,4.6
310,8111,2.9
311,8113,3.3
312,8115,2.5
313,8117,2.1
314,8119,3.6
315,8121,2.4
316,8123,2.9
317,8125,1.9
318,9000,4.1
319,9001,4.0
320,9003,4.3
321,9005,3.9
322,9007,3.5
323,9009,4.4
324,9011,4.0
325,9013,3.6
326,9015,4.6
327,10000,3.8
328,10001,4.2
329,10003,3.7
330,10005,3.8
331,11000,5.7
332,11001,5.7
333,12000,3.6
334,12001,3.3
335,12003,3.5
336,12005,4.1
337,12007,3.4
338,12009,3.6
339,12011,3.4
340,12013,4.3
341,12015,4.1
342,12017,5.3
343,12019,3.4
344,12021,3.5
345,12023,3.8
346,12027,4.0
347,12029,4.3
348,12031,3.7
349,12033,3.6
350,12035,4.2
351,12037,3.5
352,12039,4.6
353,12041,3.8
354,12043,4.0
355,12045,4.5
356,12047,4.2
357,12049,5.3
358,12051,6.2
359,12053,4.6
360,12055,4.9
361,12057,3.5
362,12059,4.0
363,12061,4.4
364,12063,4.1
365,12065,3.8
366,12067,3.4
367,12069,3.6
368,12071,3.5
369,12073,3.4
370,12075,3.9
371,12077,4.0
372,12079,4.0
373,12081,3.5
374,12083,4.4
375,12085,3.6
376,12086,3.5
377,12087,2.6
378,12089,3.3
379,12091,3.0
380,12093,3.8
381,12095,3.3
382,12097,3.7
383,12099,3.6
384,12101,3.9
385,12103,3.4
386,12105,4.2
387,12107,4.9
388,12109,2.9
389,12111,4.5
390,12113,3.4
391,12115,3.5
392,12117,3.3
393,12119,5.2
394,12121,3.8
395,12123,3.9
396,12125,3.3
397,12127,3.8
398,12129,3.2
399,12131,3.2
400,12133,3.9
401,13000,3.9
402,13001,4.3
403,13003,3.5
404,13005,3.8
405,13007,5.3
406,13009,4.9
407,13011,3.1
408,13013,3.3
409,13015,3.8
410,13017,5.9
411,13019,4.2
412,13021,4.5
413,13023,5.8
414,13025,4.5
415,13027,3.9
416,13029,3.4
417,13031,4.3
418,13033,6.1
419,13035,4.1
420,13037,4.2
421,13039,4.2
422,13043,3.4
423,13045,4.0
424,13047,3.4
425,13049,4.3
426,13051,3.7
427,13053,5.5
428,13055,4.1
429,13057,3.1
430,13059,4.0
431,13061,7.5
432,13063,4.9
433,13065,4.5
434,13067,3.4
435,13069,4.5
436,13071,3.7
437,13073,3.5
438,13075,3.8
439,13077,3.4
440,13079,4.1
441,13081,4.8
442,13083,3.6
443,13085,3.3
444,13087,4.7
445,13089,4.0
446,13091,5.2
447,13093,4.7
448,13095,5.4
449,13097,4.1
450,13099,4.6
451,13101,3.2
452,13103,3.3
453,13105,4.8
454,13107,5.9
455,13109,3.7
456,13111,4.0
457,13113,3.5
458,13115,4.3
459,13117,3.2
460,13119,3.8
461,13121,4.0
462,13123,4.2
463,13125,4.1
464,13127,3.7
465,13129,3.8
466,13131,3.8
467,13133,4.3
468,13135,3.5
469,13137,3.7
470,13139,3.2
471,13141,5.9
472,13143,3.8
473,13145,3.4
474,13147,3.6
475,13149,3.9
476,13151,4.1
477,13153,4.0
478,13155,5.6
479,13157,3.1
480,13159,3.5
481,13161,4.8
482,13163,5.3
483,13165,5.3
484,13167,3.9
485,13169,3.6
486,13171,4.6
487,13173,4.5
488,13175,4.8
489,13177,3.6
490,13179,4.3
491,13181,4.9
492,13183,3.9
493,13185,4.1
494,13187,3.6
495,13189,5.6
496,13191,4.0
497,13193,6.2
498,13195,3.5
499,13197,5.2
500,13199,5.0
501,13201,3.7
502,13205,5.4
503,13207,3.6
504,13209,5.7
505,13211,3.6
506,13213,5.3
507,13215,5.1
508,13217,4.5
509,13219,2.9
510,13221,3.7
511,13223,3.4
512,13225,5.2
513,13227,3.5
514,13229,3.8
515,13231,3.6
516,13233,4.2
517,13235,4.4
518,13237,5.0
519,13239,5.6
520,13241,4.0
521,13243,5.6
522,13245,5.2
523,13247,4.4
524,13249,4.6
525,13251,5.4
526,13253,5.3
527,13255,4.7
528,13257,4.6
529,13259,4.8
530,13261,5.9
531,13263,5.0
532,13265,5.3
533,13267,4.2
534,13269,6.5
535,13271,6.7
536,13273,6.7
537,13275,4.7
538,13277,4.0
539,13279,5.8
540,13281,5.6
541,13283,5.8
542,13285,3.7
543,13287,5.0
544,13289,5.9
545,13291,3.7
546,13293,4.4
547,13295,3.8
548,13297,3.6
549,13299,3.9
550,13301,4.9
551,13303,5.0
552,13305,4.6
553,13307,6.2
554,13309,7.3
555,13311,3.0
556,13313,4.8
557,13315,5.2
558,13317,4.6
559,13319,4.4
560,13321,4.4
561,15000,2.5
562,15001,3.0
563,15003,2.4
564,15007,2.5
565,15009,2.4
566,16000,2.9
567,16001,2.5
568,16003,5.5
569,16005,2.8
570,16007,2.9
571,16009,4.7
572,16011,2.8
573,16013,2.4
574,16015,4.3
575,16017,4.2
576,16019,2.5
577,16021,4.5
578,16023,3.3
579,16025,2.3
580,16027,3.2
581,16029,2.8
582,16031,2.3
583,16033,2.9
584,16035,6.9
585,16037,4.2
586,16039,3.3
587,16041,2.2
588,16043,2.5
589,16045,3.5
590,16047,2.4
591,16049,4.7
592,16051,2.3
593,16053,2.6
594,16055,3.6
595,16057,2.5
596,16059,4.5
597,16061,5.7
598,16063,3.5
599,16065,1.8
600,16067,2.5
601,16069,2.8
602,16071,2.2
603,16073,3.7
604,16075,3.7
605,16077,3.0
606,16079,5.9
607,16081,2.3
608,16083,2.7
609,16085,3.8
610,16087,4.2
611,17000,4.3
612,17001,3.8
613,17003,8.0
614,17005,4.3
615,17007,5.6
616,17009,2.6
617,17011,4.9
618,17013,5.2
619,17015,4.4
620,17017,4.4
621,17019,4.2
622,17021,5.1
623,17023,5.1
624,17025,5.1
625,17027,3.5
626,17029,4.6
627,17031,4.1
628,17033,5.2
629,17035,3.9
630,17037,4.3
631,17039,5.0
632,17041,4.0
633,17043,3.2
634,17045,4.6
635,17047,4.4
636,17049,3.7
637,17051,5.1
638,17053,4.6
639,17055,6.1
640,17057,6.1
641,17059,5.6
642,17061,4.8
643,17063,4.8
644,17065,4.3
645,17067,4.6
646,17069,7.6
647,17071,4.9
648,17073,4.9
649,17075,4.3
650,17077,4.5
651,17079,4.9
652,17081,5.2
653,17083,4.8
654,17085,4.3
655,17087,7.4
656,17089,4.8
657,17091,5.4
658,17093,3.6
659,17095,5.2
660,17097,4.4
661,17099,5.7
662,17101,5.7
663,17103,4.3
664,17105,4.3
665,17107,4.6
666,17109,4.9
667,17111,3.6
668,17113,4.1
669,17115,5.5
670,17117,4.8
671,17119,4.4
672,17121,4.8
673,17123,5.1
674,17125,5.8
675,17127,6.9
676,17129,4.0
677,17131,5.1
678,17133,3.4
679,17135,5.8
680,17137,4.3
681,17139,3.8
682,17141,4.9
683,17143,5.5
684,17145,5.8
685,17147,4.1
686,17149,4.7
687,17151,5.8
688,17153,7.9
689,17155,5.2
690,17157,4.3
691,17159,4.6
692,17161,5.1
693,17163,5.0
694,17165,6.4
695,17167,4.3
696,17169,4.3
697,17171,5.1
698,17173,4.2
699,17175,6.1
700,17177,4.6
701,17179,4.8
702,17181,6.3
703,17183,6.0
704,17185,4.5
705,17187,4.1
706,17189,2.9
707,17191,5.5
708,17193,4.1
709,17195,4.4
710,17197,4.1
711,17199,5.0
712,17201,5.6
713,17203,4.0
714,18000,3.5
715,18001,2.6
716,18003,3.2
717,18005,2.7
718,18007,3.3
719,18009,3.9
720,18011,2.7
721,18013,3.2
722,18015,3.3
723,18017,3.7
724,18019,3.5
725,18021,4.0
726,18023,2.9
727,18025,4.5
728,18027,2.8
729,18029,3.7
730,18031,3.0
731,18033,2.9
732,18035,4.1
733,18037,2.5
734,18039,2.6
735,18041,4.7
736,18043,3.3
737,18045,3.7
738,18047,3.8
739,18049,3.4
740,18051,2.7
741,18053,3.9
742,18055,4.5
743,18057,2.7
744,18059,3.1
745,18061,3.5
746,18063,2.9
747,18065,3.6
748,18067,4.1
749,18069,3.6
750,18071,2.9
751,18073,4.0
752,18075,3.4
753,18077,3.5
754,18079,3.7
755,18081,2.9
756,18083,3.2
757,18085,2.7
758,18087,2.5
759,18089,5.0
760,18091,4.4
761,18093,3.9
762,18095,4.0
763,18097,3.6
764,18099,3.2
765,18101,2.8
766,18103,4.1
767,18105,3.7
768,18107,3.1
769,18109,3.4
770,18111,4.4
771,18113,3.0
772,18115,3.6
773,18117,4.0
774,18119,4.4
775,18121,4.1
776,18123,3.7
777,18125,3.5
778,18127,3.9
779,18129,2.9
780,18131,3.1
781,18133,3.8
782,18135,4.0
783,18137,3.6
784,18139,2.9
785,18141,3.6
786,18143,3.9
787,18145,3.2
788,18147,3.3
789,18149,4.4
790,18151,2.7
791,18153,4.7
792,18155,3.9
793,18157,3.2
794,18159,2.8
795,18161,3.2
796,18163,3.2
797,18165,5.6
798,18167,4.4
799,18169,3.5
800,18171,3.3
801,18173,3.0
802,18175,3.6
803,18177,3.6
804,18179,2.9
805,18181,3.1
806,18183,2.9
807,19000,2.6
808,19001,2.4
809,19003,2.0
810,19005,3.2
811,19007,3.4
812,19009,2.5
813,19011,2.8
814,19013,2.9
815,19015,2.2
816,19017,2.1
817,19019,2.6
818,19021,2.2
819,19023,2.8
820,19025,2.6
821,19027,1.9
822,19029,2.7
823,19031,2.5
824,19033,2.7
825,19035,2.2
826,19037,2.8
827,19039,2.9
828,19041,3.3
829,19043,3.3
830,19045,3.3
831,19047,3.5
832,19049,1.8
833,19051,2.8
834,19053,2.3
835,19055,2.1
836,19057,3.4
837,19059,3.3
838,19061,2.5
839,19063,2.8
840,19065,3.1
841,19067,2.8
842,19069,2.2
843,19071,1.9
844,19073,2.3
845,19075,2.6
846,19077,2.7
847,19079,2.8
848,19081,2.4
849,19083,2.9
850,19085,2.3
851,19087,2.5
852,19089,2.6
853,19091,2.6
854,19093,2.0
855,19095,2.1
856,19097,2.9
857,19099,2.7
858,19101,2.3
859,19103,2.0
860,19105,3.1
861,19107,3.0
862,19109,2.1
863,19111,4.1
864,19113,2.9
865,19115,2.7
866,19117,2.0
867,19119,1.6
868,19121,3.3
869,19123,2.6
870,19125,2.1
871,19127,4.6
872,19129,2.2
873,19131,1.9
874,19133,2.8
875,19135,3.0
876,19137,2.5
877,19139,2.7
878,19141,2.0
879,19143,2.0
880,19145,2.6
881,19147,2.3
882,19149,2.0
883,19151,1.9
884,19153,2.7
885,19155,2.4
886,19157,2.4
887,19159,2.9
888,19161,2.4
889,19163,3.0
890,19165,2.1
891,19167,1.8
892,19169,1.7
893,19171,3.1
894,19173,2.0
895,19175,3.7
896,19177,2.7
897,19179,3.5
898,19181,2.4
899,19183,2.4
900,19185,2.8
901,19187,3.4
902,19189,2.7
903,19191,2.7
904,19193,2.6
905,19195,2.8
906,19197,2.7
907,20000,3.3
908,20001,3.9
909,20003,3.4
910,20005,4.5
911,20007,2.5
912,20009,3.2
913,20011,4.1
914,20013,3.0
915,20015,3.4
916,20017,2.6
917,20019,3.9
918,20021,3.7
919,20023,2.3
920,20025,2.4
921,20027,3.1
922,20029,3.4
923,20031,4.6
924,20033,2.4
925,20035,3.3
926,20037,3.9
927,20039,2.9
928,20041,3.4
929,20043,3.5
930,20045,3.0
931,20047,2.3
932,20049,3.3
933,20051,2.3
934,20053,2.7
935,20055,2.4
936,20057,2.5
937,20059,3.5
938,20061,4.6
939,20063,2.1
940,20065,3.1
941,20067,2.7
942,20069,2.0
943,20071,2.0
944,20073,3.4
945,20075,1.9
946,20077,2.8
947,20079,3.2
948,20081,2.1
949,20083,2.4
950,20085,2.9
951,20087,3.2
952,20089,2.7
953,20091,2.8
954,20093,2.3
955,20095,3.2
956,20097,2.4
957,20099,3.9
958,20101,2.8
959,20103,3.6
960,20105,2.4
961,20107,5.8
962,20109,2.1
963,20111,3.5
964,20113,2.5
965,20115,3.1
966,20117,2.6
967,20119,2.0
968,20121,3.5
969,20123,2.2
970,20125,4.2
971,20127,2.7
972,20129,3.2
973,20131,2.3
974,20133,4.8
975,20135,2.6
976,20137,2.1
977,20139,3.7
978,20141,2.5
979,20143,2.8
980,20145,3.1
981,20147,2.5
982,20149,2.7
983,20151,2.7
984,20153,2.0
985,20155,3.5
986,20157,2.7
987,20159,2.9
988,20161,2.8
989,20163,3.1
990,20165,2.7
991,20167,2.9
992,20169,3.0
993,20171,1.9
994,20173,3.7
995,20175,3.2
996,20177,3.4
997,20179,2.2
998,20181,2.7
999,20183,2.4
1000,20185,2.6
1001,20187,2.5
1002,20189,2.9
1003,20191,3.5
1004,20193,2.5
1005,20195,3.1
1006,20197,3.1
1007,20199,2.4
1008,20201,2.6
1009,20203,2.1
1010,20205,4.3
1011,20207,4.3
1012,20209,4.8
1013,21000,4.3
1014,21001,5.0
1015,21003,3.8
1016,21005,3.6
1017,21007,7.0
1018,21009,4.4
1019,21011,6.8
1020,21013,6.3
1021,21015,3.4
1022,21017,4.0
1023,21019,5.9
1024,21021,4.4
1025,21023,4.9
1026,21025,7.3
1027,21027,5.4
1028,21029,4.0
1029,21031,4.9
1030,21033,4.8
1031,21035,3.9
1032,21037,3.3
1033,21039,5.0
1034,21041,4.1
1035,21043,9.2
1036,21045,4.7
1037,21047,5.4
1038,21049,4.1
1039,21051,7.0
1040,21053,5.5
1041,21055,5.1
1042,21057,4.5
1043,21059,4.0
1044,21061,5.3
1045,21063,9.4
1046,21065,5.4
1047,21067,3.3
1048,21069,5.5
1049,21071,6.5
1050,21073,3.7
1051,21075,5.7
1052,21077,4.1
1053,21079,4.5
1054,21081,4.3
1055,21083,5.0
1056,21085,4.9
1057,21087,4.2
1058,21089,6.6
1059,21091,4.2
1060,21093,4.1
1061,21095,7.3
1062,21097,4.1
1063,21099,4.0
1064,21101,3.8
1065,21103,3.8
1066,21105,5.7
1067,21107,4.6
1068,21109,7.0
1069,21111,4.0
1070,21113,3.6
1071,21115,6.8
1072,21117,3.4
1073,21119,6.8
1074,21121,6.3
1075,21123,4.5
1076,21125,5.1
1077,21127,7.2
1078,21129,6.4
1079,21131,7.1
1080,21133,6.4
1081,21135,8.3
1082,21137,5.0
1083,21139,6.8
1084,21141,3.9
1085,21143,5.0
1086,21145,5.6
1087,21147,6.3
1088,21149,5.0
1089,21151,3.9
1090,21153,12.9
1091,21155,3.8
1092,21157,5.3
1093,21159,6.4
1094,21161,5.6
1095,21163,4.7
1096,21165,7.6
1097,21167,4.4
1098,21169,4.2
1099,21171,4.2
1100,21173,6.0
1101,21175,6.4
1102,21177,6.7
1103,21179,4.3
1104,21181,4.6
1105,21183,5.7
1106,21185,3.3
1107,21187,5.0
1108,21189,7.4
1109,21191,4.1
1110,21193,6.3
1111,21195,5.9
1112,21197,6.0
1113,21199,5.0
1114,21201,4.9
1115,21203,5.0
1116,21205,5.2
1117,21207,5.8
1118,21209,3.3
1119,21211,3.5
1120,21213,3.9
1121,21215,3.6
1122,21217,4.2
1123,21219,4.0
1124,21221,4.8
1125,21223,4.3
1126,21225,5.0
1127,21227,3.7
1128,21229,3.7
1129,21231,7.0
1130,21233,4.2
1131,21235,5.0
1132,21237,7.7
1133,21239,3.1
1134,22000,4.9
1135,22001,5.4
1136,22003,5.7
1137,22005,4.1
1138,22007,6.6
1139,22009,5.7
1140,22011,5.3
1141,22013,5.8
1142,22015,4.3
1143,22017,5.5
1144,22019,3.8
1145,22021,5.7
1146,22023,3.5
1147,22025,6.7
1148,22027,5.2
1149,22029,6.9
1150,22031,5.7
1151,22033,4.3
1152,22035,10.2
1153,22037,4.6
1154,22039,5.7
1155,22041,7.2
1156,22043,5.8
1157,22045,5.9
1158,22047,6.2
1159,22049,4.6
1160,22051,4.4
1161,22053,4.7
1162,22055,4.5
1163,22057,4.7
1164,22059,4.3
1165,22061,5.2
1166,22063,4.0
1167,22065,8.3
1168,22067,8.2
1169,22069,5.8
1170,22071,5.0
1171,22073,5.1
1172,22075,4.6
1173,22077,5.4
1174,22079,5.3
1175,22081,4.4
1176,22083,6.2
1177,22085,5.2
1178,22087,5.0
1179,22089,4.4
1180,22091,6.5
1181,22093,6.2
1182,22095,5.7
1183,22097,6.2
1184,22099,5.2
1185,22101,6.5
1186,22103,4.2
1187,22105,5.5
1188,22107,7.7
1189,22109,5.0
1190,22111,5.6
1191,22113,5.3
1192,22115,6.5
1193,22117,5.8
1194,22119,6.1
1195,22121,4.4
1196,22123,9.0
1197,22125,3.9
1198,22127,6.2
1199,23000,3.2
1200,23001,3.2
1201,23003,4.6
1202,23005,2.6
1203,23007,3.9
1204,23009,3.7
1205,23011,3.1
1206,23013,3.1
1207,23015,3.2
1208,23017,3.8
1209,23019,3.6
1210,23021,4.0
1211,23023,2.6
1212,23025,4.6
1213,23027,3.4
1214,23029,4.8
1215,23031,2.9
1216,24000,3.9
1217,24001,5.5
1218,24003,3.3
1219,24005,4.1
1220,24009,3.6
1221,24011,3.8
1222,24013,3.2
1223,24015,4.4
1224,24017,3.9
1225,24019,5.2
1226,24021,3.5
1227,24023,4.8
1228,24025,3.6
1229,24027,3.0
1230,24029,4.3
1231,24031,3.2
1232,24033,4.1
1233,24035,3.3
1234,24037,3.8
1235,24039,7.0
1236,24041,3.7
1237,24043,4.4
1238,24045,5.3
1239,24047,8.2
1240,24510,5.7
1241,25000,3.4
1242,25001,4.3
1243,25003,4.1
1244,25005,4.3
1245,25007,4.6
1246,25009,3.4
1247,25011,3.0
1248,25013,4.6
1249,25015,3.0
1250,25017,2.7
1251,25019,4.4
1252,25021,3.0
1253,25023,3.5
1254,25025,3.0
1255,25027,3.6
1256,26000,4.1
1257,26001,6.6
1258,26003,7.9
1259,26005,3.3
1260,26007,5.1
1261,26009,5.7
1262,26011,7.1
1263,26013,6.1
1264,26015,3.4
1265,26017,4.8
1266,26019,5.5
1267,26021,4.3
1268,26023,3.7
1269,26025,4.2
1270,26027,4.1
1271,26029,4.8
1272,26031,9.2
1273,26033,6.7
1274,26035,6.1
1275,26037,3.2
1276,26039,6.0
1277,26041,5.3
1278,26043,3.8
1279,26045,3.5
1280,26047,5.9
1281,26049,4.9
1282,26051,5.7
1283,26053,5.1
1284,26055,3.7
1285,26057,4.7
1286,26059,4.0
1287,26061,5.1
1288,26063,4.7
1289,26065,3.6
1290,26067,3.5
1291,26069,6.4
1292,26071,5.6
1293,26073,3.9
1294,26075,3.9
1295,26077,3.4
1296,26079,5.9
1297,26081,3.0
1298,26083,7.0
1299,26085,6.8
1300,26087,5.2
1301,26089,4.3
1302,26091,4.1
1303,26093,3.3
1304,26095,6.3
1305,26097,9.5
1306,26099,4.0
1307,26101,5.8
1308,26103,4.9
1309,26105,4.9
1310,26107,5.0
1311,26109,4.0
1312,26111,4.0
1313,26113,5.1
1314,26115,4.2
1315,26117,4.3
1316,26119,8.8
1317,26121,4.6
1318,26123,4.4
1319,26125,3.3
1320,26127,6.2
1321,26129,6.9
1322,26131,7.8
1323,26133,4.4
1324,26135,6.4
1325,26137,5.3
1326,26139,2.8
1327,26141,8.0
1328,26143,7.8
1329,26145,4.8
1330,26147,4.7
1331,26149,3.7
1332,26151,5.2
1333,26153,7.2
1334,26155,4.3
1335,26157,5.5
1336,26159,4.9
1337,26161,3.1
1338,26163,5.2
1339,26165,4.7
1340,27000,2.9
1341,27001,5.6
1342,27003,2.8
1343,27005,3.6
1344,27007,4.1
1345,27009,3.5
1346,27011,3.8
1347,27013,2.5
1348,27015,3.4
1349,27017,4.1
1350,27019,2.5
1351,27021,5.2
1352,27023,3.2
1353,27025,3.4
1354,27027,2.9
1355,27029,8.2
1356,27031,3.5
1357,27033,3.6
1358,27035,4.0
1359,27037,2.6
1360,27039,3.0
1361,27041,2.8
1362,27043,3.5
1363,27045,3.1
1364,27047,3.2
1365,27049,2.8
1366,27051,4.0
1367,27053,2.5
1368,27055,2.9
1369,27057,5.0
1370,27059,3.7
1371,27061,5.4
1372,27063,2.9
1373,27065,5.5
1374,27067,3.0
1375,27069,2.9
1376,27071,6.1
1377,27073,3.7
1378,27075,3.2
1379,27077,3.8
1380,27079,4.2
1381,27081,3.0
1382,27083,2.9
1383,27085,3.2
1384,27087,4.6
1385,27089,5.9
1386,27091,3.2
1387,27093,3.5
1388,27095,4.9
1389,27097,4.7
1390,27099,2.7
1391,27101,3.8
1392,27103,2.2
1393,27105,2.6
1394,27107,4.3
1395,27109,2.3
1396,27111,3.6
1397,27113,4.2
1398,27115,4.9
1399,27117,2.9
1400,27119,3.7
1401,27121,2.6
1402,27123,2.7
1403,27125,5.2
1404,27127,3.6
1405,27129,4.0
1406,27131,2.8
1407,27133,2.3
1408,27135,3.4
1409,27137,3.7
1410,27139,2.5
1411,27141,3.2
1412,27143,3.2
1413,27145,3.0
1414,27147,3.0
1415,27149,2.4
1416,27151,3.7
1417,27153,3.9
1418,27155,3.3
1419,27157,3.0
1420,27159,5.2
1421,27161,4.1
1422,27163,2.5
1423,27165,3.5
1424,27167,3.0
1425,27169,2.6
1426,27171,3.0
1427,27173,3.0
1428,28000,4.8
1429,28001,6.4
1430,28003,4.2
1431,28005,6.2
1432,28007,5.7
1433,28009,5.6
1434,28011,6.1
1435,28013,4.7
1436,28015,5.7
1437,28017,5.0
1438,28019,4.9
1439,28021,9.2
1440,28023,5.6
1441,28025,6.1
1442,28027,7.1
1443,28029,5.6
1444,28031,4.5
1445,28033,3.8
1446,28035,4.5
1447,28037,6.0
1448,28039,6.6
1449,28041,6.3
1450,28043,4.3
1451,28045,5.1
1452,28047,4.6
1453,28049,4.7
1454,28051,9.0
1455,28053,8.9
1456,28055,8.9
1457,28057,4.1
1458,28059,5.7
1459,28061,6.0
1460,28063,13.2
1461,28065,6.7
1462,28067,4.9
1463,28069,7.5
1464,28071,3.9
1465,28073,3.7
1466,28075,5.0
1467,28077,6.0
1468,28079,5.1
1469,28081,3.9
1470,28083,7.0
1471,28085,4.7
1472,28087,4.9
1473,28089,3.7
1474,28091,5.2
1475,28093,5.0
1476,28095,4.9
1477,28097,5.3
1478,28099,5.1
1479,28101,4.8
1480,28103,6.8
1481,28105,4.8
1482,28107,6.1
1483,28109,4.8
1484,28111,5.9
1485,28113,5.9
1486,28115,3.9
1487,28117,4.3
1488,28119,7.8
1489,28121,3.5
1490,28123,4.0
1491,28125,7.4
1492,28127,4.6
1493,28129,4.4
1494,28131,5.8
1495,28133,7.9
1496,28135,5.4
1497,28137,5.0
1498,28139,4.4
1499,28141,4.6
1500,28143,5.4
1501,28145,3.6
1502,28147,6.5
1503,28149,5.5
1504,28151,6.8
1505,28153,5.5
1506,28155,5.0
1507,28157,8.7
1508,28159,5.7
1509,28161,5.0
1510,28163,5.6
1511,29000,3.2
1512,29001,3.5
1513,29003,2.6
1514,29005,2.5
1515,29007,3.0
1516,29009,2.9
1517,29011,3.0
1518,29013,3.8
1519,29015,4.5
1520,29017,3.6
1521,29019,2.2
1522,29021,2.9
1523,29023,4.5
1524,29025,3.1
1525,29027,2.9
1526,29029,4.2
1527,29031,2.7
1528,29033,3.1
1529,29035,5.0
1530,29037,3.0
1531,29039,3.4
1532,29041,2.8
1533,29043,2.5
1534,29045,3.8
1535,29047,2.9
1536,29049,3.2
1537,29051,2.5
1538,29053,3.1
1539,29055,3.8
1540,29057,2.7
1541,29059,3.9
1542,29061,3.0
1543,29063,3.1
1544,29065,3.3
1545,29067,4.4
1546,29069,5.4
1547,29071,3.0
1548,29073,2.9
1549,29075,2.4
1550,29077,2.5
1551,29079,3.5
1552,29081,3.0
1553,29083,3.5
1554,29085,4.1
1555,29087,2.3
1556,29089,2.8
1557,29091,3.5
1558,29093,5.3
1559,29095,3.7
1560,29097,2.7
1561,29099,3.1
1562,29101,3.6
1563,29103,2.8
1564,29105,3.7
1565,29107,3.2
1566,29109,3.0
1567,29111,2.8
1568,29113,3.2
1569,29115,4.6
1570,29117,2.5
1571,29119,3.0
1572,29121,2.9
1573,29123,3.5
1574,29125,3.2
1575,29127,3.1
1576,29129,3.0
1577,29131,3.6
1578,29133,3.8
1579,29135,2.9
1580,29137,3.5
1581,29139,2.9
1582,29141,4.2
1583,29143,4.7
1584,29145,3.0
1585,29147,2.9
1586,29149,3.4
1587,29151,2.4
1588,29153,5.1
1589,29155,5.4
1590,29157,2.3
1591,29159,4.1
1592,29161,3.0
1593,29163,3.6
1594,29165,2.5
1595,29167,3.6
1596,29169,3.6
1597,29171,3.4
1598,29173,2.8
1599,29175,3.8
1600,29177,3.6
1601,29179,3.1
1602,29181,5.2
1603,29183,2.5
1604,29185,4.3
1605,29186,2.8
1606,29187,3.6
1607,29189,3.0
1608,29195,3.0
1609,29197,4.0
1610,29199,2.8
1611,29201,3.4
1612,29203,4.9
1613,29205,3.0
1614,29207,4.4
1615,29209,4.6
1616,29211,3.1
1617,29213,5.1
1618,29215,4.0
1619,29217,3.1
1620,29219,2.8
1621,29221,4.4
1622,29223,4.7
1623,29225,3.1
1624,29227,2.8
1625,29229,4.1
1626,29510,3.8
1627,30000,3.6
1628,30001,3.0
1629,30003,9.4
1630,30005,4.1
1631,30007,3.9
1632,30009,3.5
1633,30011,2.6
1634,30013,3.5
1635,30015,3.0
1636,30017,3.0
1637,30019,2.0
1638,30021,2.6
1639,30023,3.5
1640,30025,1.8
1641,30027,3.6
1642,30029,4.7
1643,30031,2.5
1644,30033,2.7
1645,30035,7.6
1646,30037,4.6
1647,30039,5.2
1648,30041,3.5
1649,30043,3.7
1650,30045,3.3
1651,30047,4.2
1652,30049,3.3
1653,30051,2.5
1654,30053,7.3
1655,30055,1.9
1656,30057,3.5
1657,30059,3.8
1658,30061,7.0
1659,30063,3.3
1660,30065,4.1
1661,30067,3.8
1662,30069,3.9
1663,30071,4.4
1664,30073,3.9
1665,30075,2.8
1666,30077,4.0
1667,30079,3.7
1668,30081,4.1
1669,30083,3.0
1670,30085,4.5
1671,30087,5.1
1672,30089,6.3
1673,30091,2.3
1674,30093,3.9
1675,30095,3.3
1676,30097,3.0
1677,30099,3.3
1678,30101,2.5
1679,30103,2.7
1680,30105,3.0
1681,30107,4.9
1682,30109,3.4
1683,30111,3.3
1684,31000,2.9
1685,31001,3.0
1686,31003,2.5
1687,31005,5.0
1688,31007,3.7
1689,31009,4.6
1690,31011,2.3
1691,31013,2.9
1692,31015,3.1
1693,31017,3.5
1694,31019,2.4
1695,31021,3.5
1696,31023,2.4
1697,31025,3.1
1698,31027,2.4
1699,31029,2.2
1700,31031,2.2
1701,31033,2.9
1702,31035,3.2
1703,31037,2.5
1704,31039,2.6
1705,31041,2.2
1706,31043,3.7
1707,31045,2.7
1708,31047,2.9
1709,31049,3.0
1710,31051,3.2
1711,31053,2.9
1712,31055,3.2
1713,31057,2.3
1714,31059,2.6
1715,31061,3.1
1716,31063,2.6
1717,31065,2.7
1718,31067,3.3
1719,31069,2.5
1720,31071,2.5
1721,31073,2.6
1722,31075,2.6
1723,31077,2.7
1724,31079,3.3
1725,31081,2.6
1726,31083,2.4
1727,31085,2.2
1728,31087,3.5
1729,31089,2.6
1730,31091,3.7
1731,31093,3.1
1732,31095,2.6
1733,31097,3.7
1734,31099,2.1
1735,31101,3.1
1736,31103,2.2
1737,31105,2.8
1738,31107,3.2
1739,31109,2.7
1740,31111,3.1
1741,31113,3.0
1742,31115,3.3
1743,31117,2.7
1744,31119,2.6
1745,31121,2.9
1746,31123,2.8
1747,31125,2.5
1748,31127,3.5
1749,31129,2.8
1750,31131,3.0
1751,31133,2.6
1752,31135,2.0
1753,31137,2.3
1754,31139,2.7
1755,31141,2.8
1756,31143,2.5
1757,31145,2.5
1758,31147,3.1
1759,31149,2.5
1760,31151,3.1
1761,31153,2.8
1762,31155,2.9
1763,31157,3.4
1764,31159,2.7
1765,31161,2.6
1766,31163,2.7
1767,31165,2.7
1768,31167,2.6
1769,31169,2.3
1770,31171,3.0
1771,31173,4.2
1772,31175,3.0
1773,31177,2.9
1774,31179,2.5
1775,31181,2.9
1776,31183,2.4
1777,31185,2.6
1778,32000,4.4
1779,32001,3.8
1780,32003,4.7
1781,32005,4.2
1782,32007,3.1
1783,32009,5.0
1784,32011,2.6
1785,32013,3.3
1786,32015,3.5
1787,32017,4.4
1788,32019,5.4
1789,32021,5.2
1790,32023,5.6
1791,32027,4.0
1792,32029,4.3
1793,32031,3.5
1794,32033,3.6
1795,32510,4.6
1796,33000,2.6
1797,33001,2.6
1798,33003,2.6
1799,33005,2.6
1800,33007,3.2
1801,33009,2.1
1802,33011,2.7
1803,33013,2.2
1804,33015,2.8
1805,33017,2.3
1806,33019,2.2
1807,34000,4.1
1808,34001,5.8
1809,34003,3.4
1810,34005,3.7
1811,34007,4.6
1812,34009,8.4
1813,34011,6.4
1814,34013,5.1
1815,34015,4.2
1816,34017,3.8
1817,34019,3.2
1818,34021,3.6
1819,34023,3.6
1820,34025,3.6
1821,34027,3.2
1822,34029,4.2
1823,34031,5.0
1824,34033,5.4
1825,34035,3.4
1826,34037,3.9
1827,34039,4.3
1828,34041,3.8
1829,35000,4.9
1830,35001,4.5
1831,35003,6.3
1832,35005,4.8
1833,35006,6.2
1834,35007,4.8
1835,35009,4.0
1836,35011,4.5
1837,35013,5.6
1838,35015,3.3
1839,35017,4.8
1840,35019,5.4
1841,35021,5.1
1842,35023,3.7
1843,35025,4.1
1844,35027,4.5
1845,35028,3.4
1846,35029,11.7
1847,35031,7.0
1848,35033,6.0
1849,35035,4.9
1850,35037,4.7
1851,35039,5.2
1852,35041,4.3
1853,35043,4.9
1854,35045,5.7
1855,35047,5.9
1856,35049,4.1
1857,35051,6.9
1858,35053,5.2
1859,35055,6.4
1860,35057,7.5
1861,35059,3.3
1862,35061,5.4
1863,36000,4.1
1864,36001,3.7
1865,36003,5.6
1866,36005,5.8
1867,36007,4.9
1868,36009,5.3
1869,36011,4.5
1870,36013,5.0
1871,36015,4.6
1872,36017,4.7
1873,36019,4.4
1874,36021,3.3
1875,36023,5.1
1876,36025,4.8
1877,36027,3.7
1878,36029,4.4
1879,36031,4.8
1880,36033,5.1
1881,36035,5.1
1882,36037,4.2
1883,36039,4.6
1884,36041,6.9
1885,36043,4.9
1886,36045,5.6
1887,36047,4.3
1888,36049,5.6
1889,36051,4.3
1890,36053,4.8
1891,36055,4.3
1892,36057,5.2
1893,36059,3.5
1894,36061,3.7
1895,36063,5.2
1896,36065,4.5
1897,36067,4.0
1898,36069,3.9
1899,36071,3.9
1900,36073,5.0
1901,36075,5.5
1902,36077,4.4
1903,36079,3.7
1904,36081,3.7
1905,36083,3.9
1906,36085,4.2
1907,36087,3.7
1908,36089,5.6
1909,36091,3.5
1910,36093,4.0
1911,36095,4.8
1912,36097,5.1
1913,36099,3.9
1914,36101,4.9
1915,36103,3.8
1916,36105,4.1
1917,36107,4.4
1918,36109,3.6
1919,36111,3.9
1920,36113,4.7
1921,36115,4.2
1922,36117,4.1
1923,36119,3.9
1924,36121,4.6
1925,36123,3.8
1926,37000,4.0
1927,37001,3.8
1928,37003,3.2
1929,37005,4.6
1930,37007,4.5
1931,37009,3.6
1932,37011,3.7
1933,37013,4.6
1934,37015,5.0
1935,37017,5.3
1936,37019,5.3
1937,37021,3.0
1938,37023,3.6
1939,37025,3.6
1940,37027,3.9
1941,37029,3.8
1942,37031,4.4
1943,37033,4.4
1944,37035,3.6
1945,37037,3.4
1946,37039,4.5
1947,37041,4.5
1948,37043,4.4
1949,37045,4.0
1950,37047,5.0
1951,37049,4.3
1952,37051,5.2
1953,37053,3.6
1954,37055,5.2
1955,37057,3.7
1956,37059,3.5
1957,37061,4.3
1958,37063,3.6
1959,37065,6.9
1960,37067,3.9
1961,37069,4.1
1962,37071,4.0
1963,37073,4.0
1964,37075,5.9
1965,37077,3.4
1966,37079,3.9
1967,37081,4.2
1968,37083,6.1
1969,37085,4.7
1970,37087,3.4
1971,37089,3.3
1972,37091,5.1
1973,37093,5.1
1974,37095,8.3
1975,37097,3.7
1976,37099,4.2
1977,37101,3.7
1978,37103,4.2
1979,37105,4.4
1980,37107,4.0
1981,37109,3.5
1982,37111,3.4
1983,37113,4.0
1984,37115,3.7
1985,37117,5.0
1986,37119,3.8
1987,37121,4.5
1988,37123,4.0
1989,37125,3.9
1990,37127,5.1
1991,37129,3.8
1992,37131,5.1
1993,37133,4.9
1994,37135,3.3
1995,37137,4.2
1996,37139,4.8
1997,37141,4.2
1998,37143,4.9
1999,37145,4.2
2000,37147,4.3
2001,37149,3.8
2002,37151,3.8
2003,37153,5.5
2004,37155,5.9
2005,37157,4.6
2006,37159,4.0
2007,37161,5.1
2008,37163,4.1
2009,37165,7.4
2010,37167,3.6
2011,37169,3.7
2012,37171,3.5
2013,37173,4.3
2014,37175,3.8
2015,37177,6.3
2016,37179,3.5
2017,37181,5.8
2018,37183,3.4
2019,37185,6.0
2020,37187,6.0
2021,37189,3.5
2022,37191,4.3
2023,37193,3.8
2024,37195,6.2
2025,37197,3.4
2026,37199,3.6
2027,38000,2.6
2028,38001,2.0
2029,38003,2.7
2030,38005,3.8
2031,38007,2.8
2032,38009,3.3
2033,38011,1.8
2034,38013,2.3
2035,38015,2.6
2036,38017,2.3
2037,38019,2.6
2038,38021,1.8
2039,38023,1.3
2040,38025,1.6
2041,38027,4.9
2042,38029,4.8
2043,38031,2.6
2044,38033,1.9
2045,38035,2.2
2046,38037,2.6
2047,38039,2.2
2048,38041,2.0
2049,38043,4.4
2050,38045,1.9
2051,38047,2.5
2052,38049,3.9
2053,38051,2.6
2054,38053,1.7
2055,38055,3.3
2056,38057,4.2
2057,38059,3.2
2058,38061,1.6
2059,38063,3.3
2060,38065,4.0
2061,38067,3.9
2062,38069,3.2
2063,38071,2.8
2064,38073,1.9
2065,38075,2.4
2066,38077,2.6
2067,38079,9.3
2068,38081,1.9
2069,38083,4.5
2070,38085,4.0
2071,38087,2.3
2072,38089,2.4
2073,38091,2.0
2074,38093,2.5
2075,38095,2.5
2076,38097,2.6
2077,38099,3.1
2078,38101,2.8
2079,38103,3.0
2080,38105,2.0
2081,39000,4.5
2082,39001,7.0
2083,39003,4.5
2084,39005,4.6
2085,39007,5.2
2086,39009,5.6
2087,39011,3.3
2088,39013,5.5
2089,39015,5.4
2090,39017,4.1
2091,39019,5.3
2092,39021,3.8
2093,39023,4.6
2094,39025,4.1
2095,39027,5.2
2096,39029,5.1
2097,39031,6.2
2098,39033,5.2
2099,39035,4.8
2100,39037,3.9
2101,39039,4.4
2102,39041,3.4
2103,39043,5.6
2104,39045,4.1
2105,39047,4.1
2106,39049,3.8
2107,39051,4.4
2108,39053,6.0
2109,39055,3.9
2110,39057,4.0
2111,39059,5.5
2112,39061,4.1
2113,39063,3.4
2114,39065,4.4
2115,39067,5.2
2116,39069,4.9
2117,39071,5.5
2118,39073,5.1
2119,39075,3.3
2120,39077,5.9
2121,39079,6.5
2122,39081,6.3
2123,39083,4.3
2124,39085,4.3
2125,39087,5.6
2126,39089,4.0
2127,39091,3.7
2128,39093,4.9
2129,39095,5.2
2130,39097,3.8
2131,39099,5.9
2132,39101,4.4
2133,39103,3.9
2134,39105,7.2
2135,39107,2.7
2136,39109,3.9
2137,39111,7.7
2138,39113,4.5
2139,39115,6.0
2140,39117,4.6
2141,39119,5.3
2142,39121,6.6
2143,39123,6.3
2144,39125,4.1
2145,39127,5.6
2146,39129,4.3
2147,39131,6.5
2148,39133,4.5
2149,39135,4.1
2150,39137,3.3
2151,39139,4.9
2152,39141,4.5
2153,39143,4.5
2154,39145,6.7
2155,39147,4.4
2156,39149,3.7
2157,39151,4.9
2158,39153,4.6
2159,39155,6.2
2160,39157,4.5
2161,39159,3.5
2162,39161,3.5
2163,39163,6.2
2164,39165,3.8
2165,39167,5.6
2166,39169,3.6
2167,39171,3.6
2168,39173,4.0
2169,39175,3.2
2170,40000,3.4
2171,40001,4.2
2172,40003,2.2
2173,40005,4.2
2174,40007,2.0
2175,40009,2.6
2176,40011,2.0
2177,40013,3.2
2178,40015,3.6
2179,40017,2.8
2180,40019,3.5
2181,40021,4.2
2182,40023,5.0
2183,40025,1.9
2184,40027,2.9
2185,40029,3.7
2186,40031,3.9
2187,40033,3.1
2188,40035,3.5
2189,40037,3.8
2190,40039,2.4
2191,40041,4.0
2192,40043,1.9
2193,40045,2.2
2194,40047,3.1
2195,40049,3.3
2196,40051,3.1
2197,40053,2.1
2198,40055,4.1
2199,40057,2.9
2200,40059,2.3
2201,40061,5.1
2202,40063,4.2
2203,40065,3.0
2204,40067,3.4
2205,40069,3.0
2206,40071,4.7
2207,40073,2.1
2208,40075,4.2
2209,40077,6.0
2210,40079,4.6
2211,40081,3.6
2212,40083,3.1
2213,40085,2.2
2214,40087,2.8
2215,40089,5.5
2216,40091,5.9
2217,40093,2.1
2218,40095,3.8
2219,40097,3.4
2220,40099,2.9
2221,40101,4.0
2222,40103,2.6
2223,40105,4.2
2224,40107,4.8
2225,40109,3.3
2226,40111,5.0
2227,40113,4.3
2228,40115,3.5
2229,40117,4.2
2230,40119,3.0
2231,40121,3.9
2232,40123,3.1
2233,40125,3.7
2234,40127,5.2
2235,40129,2.4
2236,40131,3.3
2237,40133,4.8
2238,40135,4.3
2239,40137,4.0
2240,40139,2.7
2241,40141,3.7
2242,40143,3.4
2243,40145,3.3
2244,40147,3.9
2245,40149,3.1
2246,40151,2.2
2247,40153,2.7
2248,41000,4.1
2249,41001,5.3
2250,41003,3.1
2251,41005,3.7
2252,41007,4.0
2253,41009,5.0
2254,41011,5.3
2255,41013,5.9
2256,41015,6.0
2257,41017,4.1
2258,41019,5.3
2259,41021,3.8
2260,41023,7.0
2261,41025,5.9
2262,41027,3.3
2263,41029,4.7
2264,41031,5.4
2265,41033,5.4
2266,41035,6.2
2267,41037,5.5
2268,41039,4.4
2269,41041,4.8
2270,41043,4.6
2271,41045,4.5
2272,41047,4.2
2273,41049,4.2
2274,41051,3.6
2275,41053,4.3
2276,41055,4.0
2277,41057,4.3
2278,41059,4.9
2279,41061,5.3
2280,41063,5.8
2281,41065,4.2
2282,41067,3.4
2283,41069,3.3
2284,41071,3.7
2285,42000,4.2
2286,42001,3.3
2287,42003,4.0
2288,42005,5.0
2289,42007,4.5
2290,42009,4.4
2291,42011,4.1
2292,42013,4.2
2293,42015,4.3
2294,42017,3.7
2295,42019,3.8
2296,42021,5.1
2297,42023,4.9
2298,42025,5.0
2299,42027,3.2
2300,42029,3.1
2301,42031,4.8
2302,42033,4.9
2303,42035,5.2
2304,42037,4.7
2305,42039,4.6
2306,42041,3.3
2307,42043,3.9
2308,42045,4.0
2309,42047,3.8
2310,42049,4.6
2311,42051,5.8
2312,42053,6.2
2313,42055,3.7
2314,42057,3.9
2315,42059,4.8
2316,42061,5.2
2317,42063,4.9
2318,42065,4.6
2319,42067,4.0
2320,42069,4.5
2321,42071,3.4
2322,42073,5.0
2323,42075,3.7
2324,42077,4.6
2325,42079,5.4
2326,42081,4.7
2327,42083,4.8
2328,42085,4.7
2329,42087,4.6
2330,42089,5.3
2331,42091,3.4
2332,42093,3.4
2333,42095,4.4
2334,42097,5.2
2335,42099,3.7
2336,42101,5.5
2337,42103,5.3
2338,42105,5.3
2339,42107,5.1
2340,42109,3.9
2341,42111,5.0
2342,42113,4.9
2343,42115,4.0
2344,42117,5.1
2345,42119,3.7
2346,42121,4.9
2347,42123,4.4
2348,42125,4.3
2349,42127,4.7
2350,42129,4.4
2351,42131,4.5
2352,42133,3.8
2353,44000,4.0
2354,44001,3.4
2355,44003,3.6
2356,44005,3.5
2357,44007,4.3
2358,44009,3.5
2359,45000,3.5
2360,45001,4.0
2361,45003,3.4
2362,45005,5.8
2363,45007,3.3
2364,45009,6.5
2365,45011,4.8
2366,45013,3.3
2367,45015,3.1
2368,45017,4.3
2369,45019,2.8
2370,45021,3.7
2371,45023,4.9
2372,45025,3.3
2373,45027,4.7
2374,45029,4.0
2375,45031,4.1
2376,45033,4.9
2377,45035,3.0
2378,45037,3.5
2379,45039,6.3
2380,45041,3.6
2381,45043,4.6
2382,45045,2.9
2383,45047,3.7
2384,45049,3.4
2385,45051,4.3
2386,45053,3.0
2387,45055,3.6
2388,45057,3.8
2389,45059,3.6
2390,45061,4.6
2391,45063,2.9
2392,45065,3.5
2393,45067,5.6
2394,45069,5.1
2395,45071,3.1
2396,45073,3.4
2397,45075,5.8
2398,45077,3.4
2399,45079,3.5
2400,45081,3.1
2401,45083,3.1
2402,45085,4.1
2403,45087,4.2
2404,45089,5.5
2405,45091,3.3
2406,46000,3.1
2407,46003,2.9
2408,46005,2.7
2409,46007,4.5
2410,46009,2.6
2411,46011,2.9
2412,46013,2.9
2413,46015,2.7
2414,46017,6.1
2415,46019,3.3
2416,46021,4.1
2417,46023,3.2
2418,46025,4.0
2419,46027,2.9
2420,46029,3.1
2421,46031,4.1
2422,46033,4.1
2423,46035,2.6
2424,46037,4.3
2425,46039,4.5
2426,46041,8.8
2427,46043,2.7
2428,46045,2.7
2429,46047,3.8
2430,46049,3.0
2431,46051,3.2
2432,46053,3.3
2433,46055,2.6
2434,46057,3.2
2435,46059,2.3
2436,46061,4.7
2437,46063,2.5
2438,46065,2.6
2439,46067,2.8
2440,46069,2.9
2441,46071,5.0
2442,46073,2.5
2443,46075,2.7
2444,46077,2.9
2445,46079,3.4
2446,46081,3.0
2447,46083,2.4
2448,46085,4.2
2449,46087,2.6
2450,46089,3.9
2451,46091,3.9
2452,46093,3.4
2453,46095,4.9
2454,46097,2.8
2455,46099,2.7
2456,46101,3.0
2457,46102,10.5
2458,46103,3.1
2459,46105,2.9
2460,46107,3.6
2461,46109,4.4
2462,46111,3.0
2463,46115,3.5
2464,46117,2.7
2465,46119,2.6
2466,46121,6.3
2467,46123,2.5
2468,46125,2.8
2469,46127,3.2
2470,46129,5.0
2471,46135,2.7
2472,46137,5.3
2473,47000,3.5
2474,47001,3.8
2475,47003,3.8
2476,47005,4.9
2477,47007,6.0
2478,47009,3.2
2479,47011,3.6
2480,47013,4.8
2481,47015,3.2
2482,47017,5.0
2483,47019,4.2
2484,47021,2.8
2485,47023,3.8
2486,47025,4.3
2487,47027,4.9
2488,47029,4.7
2489,47031,3.6
2490,47033,3.9
2491,47035,4.4
2492,47037,2.7
2493,47039,5.1
2494,47041,4.5
2495,47043,3.1
2496,47045,4.6
2497,47047,3.8
2498,47049,4.2
2499,47051,3.4
2500,47053,4.4
2501,47055,3.7
2502,47057,4.0
2503,47059,4.7
2504,47061,4.5
2505,47063,3.8
2506,47065,3.4
2507,47067,4.9
2508,47069,4.9
2509,47071,4.4
2510,47073,4.0
2511,47075,5.4
2512,47077,4.7
2513,47079,4.2
2514,47081,3.3
2515,47083,5.5
2516,47085,4.3
2517,47087,4.7
2518,47089,3.8
2519,47091,3.5
2520,47093,3.0
2521,47095,5.2
2522,47097,5.8
2523,47099,4.0
2524,47101,4.5
2525,47103,3.1
2526,47105,3.4
2527,47107,4.1
2528,47109,5.5
2529,47111,3.2
2530,47113,3.8
2531,47115,4.7
2532,47117,3.5
2533,47119,3.2
2534,47121,4.6
2535,47123,3.7
2536,47125,3.9
2537,47127,3.1
2538,47129,4.5
2539,47131,5.0
2540,47133,3.8
2541,47135,4.3
2542,47137,3.9
2543,47139,4.2
2544,47141,3.6
2545,47143,5.7
2546,47145,4.2
2547,47147,3.2
2548,47149,2.7
2549,47151,4.4
2550,47153,4.3
2551,47155,3.5
2552,47157,4.2
2553,47159,3.1
2554,47161,5.0
2555,47163,3.7
2556,47165,2.8
2557,47167,4.2
2558,47169,3.3
2559,47171,4.9
2560,47173,4.1
2561,47175,4.8
2562,47177,4.0
2563,47179,3.6
2564,47181,4.8
2565,47183,4.2
2566,47185,3.6
2567,47187,2.5
2568,47189,2.8
2569,48000,3.8
2570,48001,3.1
2571,48003,2.4
2572,48005,4.3
2573,48007,5.9
2574,48009,3.0
2575,48011,2.7
2576,48013,3.7
2577,48015,3.6
2578,48017,4.4
2579,48019,3.4
2580,48021,3.4
2581,48023,3.2
2582,48025,5.1
2583,48027,4.1
2584,48029,3.3
2585,48031,2.6
2586,48033,3.2
2587,48035,3.7
2588,48037,4.9
2589,48039,4.5
2590,48041,2.8
2591,48043,3.3
2592,48045,3.8
2593,48047,6.4
2594,48049,3.7
2595,48051,3.6
2596,48053,2.9
2597,48055,3.6
2598,48057,4.1
2599,48059,3.3
2600,48061,6.1
2601,48063,4.9
2602,48065,2.8
2603,48067,5.0
2604,48069,2.8
2605,48071,5.4
2606,48073,4.1
2607,48075,2.6
2608,48077,3.1
2609,48079,4.3
2610,48081,3.4
2611,48083,3.9
2612,48085,3.3
2613,48087,3.1
2614,48089,3.3
2615,48091,3.2
2616,48093,3.6
2617,48095,3.6
2618,48097,3.1
2619,48099,4.2
2620,48101,4.3
2621,48103,3.8
2622,48105,2.9
2623,48107,4.6
2624,48109,3.1
2625,48111,2.0
2626,48113,3.8
2627,48115,4.3
2628,48117,2.8
2629,48119,3.4
2630,48121,3.2
2631,48123,3.1
2632,48125,4.2
2633,48127,3.0
2634,48129,3.4
2635,48131,5.2
2636,48133,3.3
2637,48135,2.7
2638,48137,2.8
2639,48139,3.3
2640,48141,4.2
2641,48143,3.1
2642,48145,3.9
2643,48147,3.1
2644,48149,2.8
2645,48151,3.2
2646,48153,5.2
2647,48155,2.9
2648,48157,3.9
2649,48159,4.1
2650,48161,5.8
2651,48163,2.8
2652,48165,2.5
2653,48167,4.6
2654,48169,2.9
2655,48171,2.5
2656,48173,2.0
2657,48175,3.8
2658,48177,3.0
2659,48179,3.9
2660,48181,3.3
2661,48183,4.1
2662,48185,4.1
2663,48187,3.1
2664,48189,4.7
2665,48191,4.4
2666,48193,3.3
2667,48195,2.3
2668,48197,3.6
2669,48199,5.1
2670,48201,4.4
2671,48203,4.3
2672,48205,1.8
2673,48207,3.8
2674,48209,2.9
2675,48211,2.0
2676,48213,3.7
2677,48215,6.5
2678,48217,3.6
2679,48219,3.1
2680,48221,3.7
2681,48223,3.4
2682,48225,3.7
2683,48227,3.3
2684,48229,4.6
2685,48231,3.8
2686,48233,4.9
2687,48235,3.0
2688,48237,2.5
2689,48239,3.2
2690,48241,6.5
2691,48243,2.9
2692,48245,6.3
2693,48247,5.6
2694,48249,5.4
2695,48251,3.4
2696,48253,4.8
2697,48255,2.8
2698,48257,3.4
2699,48259,2.9
2700,48261,3.6
2701,48263,2.4
2702,48265,3.2
2703,48267,3.0
2704,48269,2.8
2705,48271,4.4
2706,48273,4.9
2707,48275,3.6
2708,48277,3.8
2709,48279,4.4
2710,48281,3.7
2711,48283,2.4
2712,48285,3.1
2713,48287,3.0
2714,48289,5.0
2715,48291,5.8
2716,48293,4.6
2717,48295,2.7
2718,48297,3.7
2719,48299,3.7
2720,48301,1.5
2721,48303,3.0
2722,48305,3.2
2723,48307,3.3
2724,48309,3.6
2725,48311,1.8
2726,48313,4.4
2727,48315,4.5
2728,48317,2.5
2729,48319,3.1
2730,48321,6.1
2731,48323,8.1
2732,48325,3.5
2733,48327,4.0
2734,48329,2.1
2735,48331,5.5
2736,48333,3.5
2737,48335,4.1
2738,48337,3.2
2739,48339,3.7
2740,48341,2.6
2741,48343,6.5
2742,48345,3.7
2743,48347,3.9
2744,48349,3.7
2745,48351,6.7
2746,48353,3.3
2747,48355,4.6
2748,48357,2.8
2749,48359,2.6
2750,48361,5.7
2751,48363,3.3
2752,48365,4.1
2753,48367,3.1
2754,48369,2.3
2755,48371,3.6
2756,48373,5.0
2757,48375,2.9
2758,48377,6.9
2759,48379,3.5
2760,48381,2.6
2761,48383,2.5
2762,48385,5.0
2763,48387,5.4
2764,48389,2.1
2765,48391,4.6
2766,48393,2.8
2767,48395,4.1
2768,48397,3.2
2769,48399,3.1
2770,48401,4.0
2771,48403,7.9
2772,48405,6.4
2773,48407,4.9
2774,48409,6.3
2775,48411,3.0
2776,48413,2.8
2777,48415,3.4
2778,48417,2.3
2779,48419,4.3
2780,48421,2.6
2781,48423,3.6
2782,48425,4.1
2783,48427,10.0
2784,48429,3.6
2785,48431,3.3
2786,48433,3.4
2787,48435,3.8
2788,48437,4.3
2789,48439,3.5
2790,48441,3.1
2791,48443,3.4
2792,48445,4.1
2793,48447,3.3
2794,48449,5.0
2795,48451,3.1
2796,48453,2.8
2797,48455,5.1
2798,48457,6.6
2799,48459,4.2
2800,48461,3.4
2801,48463,4.2
2802,48465,3.8
2803,48467,3.5
2804,48469,3.8
2805,48471,4.2
2806,48473,4.2
2807,48475,2.5
2808,48477,3.6
2809,48479,3.7
2810,48481,3.7
2811,48483,3.1
2812,48485,3.4
2813,48487,4.1
2814,48489,9.8
2815,48491,3.0
2816,48493,3.1
2817,48495,2.8
2818,48497,3.4
2819,48499,4.2
2820,48501,2.9
2821,48503,3.2
2822,48505,5.5
2823,48507,9.6
2824,49000,3.0
2825,49001,3.4
2826,49003,2.9
2827,49005,2.6
2828,49007,4.4
2829,49009,4.3
2830,49011,2.9
2831,49013,4.4
2832,49015,4.7
2833,49017,7.6
2834,49019,4.6
2835,49021,3.5
2836,49023,2.9
2837,49025,3.1
2838,49027,3.2
2839,49029,2.7
2840,49031,5.2
2841,49033,3.2
2842,49035,2.9
2843,49037,6.1
2844,49039,3.6
2845,49041,3.5
2846,49043,3.0
2847,49045,3.3
2848,49047,4.6
2849,49049,2.8
2850,49051,3.1
2851,49053,3.3
2852,49055,5.9
2853,49057,3.4
2854,50000,2.5
2855,50001,2.4
2856,50003,3.0
2857,50005,3.1
2858,50007,2.0
2859,50009,3.5
2860,50011,2.4
2861,50013,3.1
2862,50015,3.4
2863,50017,2.5
2864,50019,4.3
2865,50021,3.0
2866,50023,2.5
2867,50025,2.7
2868,50027,2.2
2869,51000,3.0
2870,51001,3.9
2871,51003,2.7
2872,51005,3.8
2873,51007,3.3
2874,51009,3.3
2875,51011,3.7
2876,51013,2.0
2877,51015,2.8
2878,51017,2.5
2879,51019,3.1
2880,51021,3.2
2881,51023,2.7
2882,51025,5.0
2883,51027,5.5
2884,51029,4.5
2885,51031,3.4
2886,51033,3.5
2887,51035,3.7
2888,51036,4.1
2889,51037,3.7
2890,51041,3.0
2891,51043,2.9
2892,51045,3.6
2893,51047,2.9
2894,51049,3.3
2895,51051,5.2
2896,51053,3.6
2897,51057,3.9
2898,51059,2.5
2899,51061,2.6
2900,51063,2.8
2901,51065,2.5
2902,51067,3.1
2903,51069,2.6
2904,51071,3.4
2905,51073,2.7
2906,51075,3.0
2907,51077,3.1
2908,51079,2.6
2909,51081,3.7
2910,51083,4.2
2911,51085,2.7
2912,51087,3.0
2913,51089,3.8
2914,51091,2.8
2915,51093,3.0
2916,51095,2.9
2917,51097,3.1
2918,51099,3.0
2919,51101,3.0
2920,51103,4.4
2921,51105,4.2
2922,51107,2.5
2923,51109,2.8
2924,51111,3.3
2925,51113,2.5
2926,51115,3.0
2927,51117,4.1
2928,51119,2.7
2929,51121,3.0
2930,51125,3.1
2931,51127,2.8
2932,51131,5.5
2933,51133,4.5
2934,51135,3.1
2935,51137,3.1
2936,51139,4.2
2937,51141,3.9
2938,51143,3.6
2939,51145,2.7
2940,51147,3.9
2941,51149,3.7
2942,51153,2.8
2943,51155,3.5
2944,51157,2.8
2945,51159,3.2
2946,51161,2.8
2947,51163,3.0
2948,51165,2.7
2949,51167,4.3
2950,51169,3.3
2951,51171,2.9
2952,51173,4.0
2953,51175,2.8
2954,51177,3.1
2955,51179,3.0
2956,51181,3.5
2957,51183,5.0
2958,51185,4.5
2959,51187,3.1
2960,51191,3.4
2961,51193,3.7
2962,51195,5.0
2963,51197,3.8
2964,51199,2.8
2965,51510,2.3
2966,51520,3.8
2967,51530,3.2
2968,51540,2.6
2969,51550,3.1
2970,51570,3.4
2971,51580,4.8
2972,51590,5.1
2973,51595,4.8
2974,51600,2.3
2975,51610,2.2
2976,51620,4.4
2977,51630,3.5
2978,51640,3.5
2979,51650,4.1
2980,51660,3.5
2981,51670,4.9
2982,51678,4.8
2983,51680,4.1
2984,51683,2.7
2985,51685,2.8
2986,51690,4.7
2987,51700,3.7
2988,51710,3.7
2989,51720,4.0
2990,51730,6.2
2991,51735,2.7
2992,51740,4.1
2993,51750,3.9
2994,51760,3.6
2995,51770,3.3
2996,51775,3.0
2997,51790,2.9
2998,51800,3.3
2999,51810,2.9
3000,51820,3.3
3001,51830,4.1
3002,51840,3.0
3003,53000,4.5
3004,53001,5.6
3005,53003,4.4
3006,53005,5.4
3007,53007,4.7
3008,53009,6.5
3009,53011,4.9
3010,53013,5.7
3011,53015,6.1
3012,53017,5.5
3013,53019,11.9
3014,53021,6.2
3015,53023,6.0
3016,53025,6.4
3017,53027,6.9
3018,53029,5.4
3019,53031,5.9
3020,53033,3.2
3021,53035,4.7
3022,53037,5.6
3023,53039,5.8
3024,53041,6.4
3025,53043,5.0
3026,53045,6.5
3027,53047,6.6
3028,53049,7.1
3029,53051,7.3
3030,53053,5.3
3031,53055,4.0
3032,53057,5.3
3033,53059,5.7
3034,53061,3.5
3035,53063,5.4
3036,53065,7.3
3037,53067,4.9
3038,53069,6.8
3039,53071,4.8
3040,53073,4.9
3041,53075,4.5
3042,53077,6.5
3043,54000,5.2
3044,54001,6.0
3045,54003,4.0
3046,54005,6.1
3047,54007,7.0
3048,54009,6.1
3049,54011,4.7
3050,54013,10.4
3051,54015,8.4
3052,54017,3.9
3053,54019,6.3
3054,54021,6.3
3055,54023,5.7
3056,54025,5.0
3057,54027,4.2
3058,54029,5.8
3059,54031,5.5
3060,54033,4.5
3061,54035,4.0
3062,54037,3.3
3063,54039,5.1
3064,54041,5.5
3065,54043,6.9
3066,54045,6.9
3067,54047,9.3
3068,54049,5.7
3069,54051,5.8
3070,54053,6.9
3071,54055,6.2
3072,54057,5.5
3073,54059,7.5
3074,54061,4.1
3075,54063,4.8
3076,54065,4.3
3077,54067,6.4
3078,54069,4.6
3079,54071,3.7
3080,54073,6.2
3081,54075,6.1
3082,54077,5.2
3083,54079,4.9
3084,54081,5.2
3085,54083,5.5
3086,54085,5.3
3087,54087,7.8
3088,54089,6.1
3089,54091,4.8
3090,54093,5.5
3091,54095,7.2
3092,54097,5.7
3093,54099,5.9
3094,54101,6.3
3095,54103,7.1
3096,54105,6.9
3097,54107,5.4
3098,54109,6.9
3099,55000,3.0
3100,55001,4.7
3101,55003,4.3
3102,55005,3.4
3103,55007,4.9
3104,55009,2.7
3105,55011,3.4
3106,55013,4.6
3107,55015,2.6
3108,55017,3.3
3109,55019,2.9
3110,55021,2.7
3111,55023,3.7
3112,55025,2.2
3113,55027,2.6
3114,55029,3.6
3115,55031,4.0
3116,55033,3.1
3117,55035,2.6
3118,55037,3.8
3119,55039,2.6
3120,55041,4.8
3121,55043,2.8
3122,55045,2.6
3123,55047,3.3
3124,55049,2.6
3125,55051,5.8
3126,55053,3.1
3127,55055,2.9
3128,55057,3.1
3129,55059,3.5
3130,55061,2.9
3131,55063,2.6
3132,55065,2.3
3133,55067,4.0
3134,55069,3.1
3135,55071,3.1
3136,55073,2.6
3137,55075,4.0
3138,55077,3.5
3139,55078,5.7
3140,55079,3.6
3141,55081,2.7
3142,55083,3.3
3143,55085,3.6
3144,55087,2.8
3145,55089,2.5
3146,55091,3.3
3147,55093,3.2
3148,55095,3.7
3149,55097,3.0
3150,55099,3.7
3151,55101,3.6
3152,55103,2.6
3153,55105,3.2
3154,55107,4.0
3155,55109,3.0
3156,55111,2.6
3157,55113,4.3
3158,55115,3.0
3159,55117,2.5
3160,55119,3.1
3161,55121,2.9
3162,55123,2.9
3163,55125,4.0
3164,55127,2.9
3165,55129,3.9
3166,55131,2.5
3167,55133,2.6
3168,55135,2.9
3169,55137,3.5
3170,55139,2.7
3171,55141,3.5
3172,56000,3.9
3173,56001,3.2
3174,56003,4.5
3175,56005,3.9
3176,56007,3.6
3177,56009,3.5
3178,56011,3.1
3179,56013,5.0
3180,56015,3.2
3181,56017,3.5
3182,56019,3.8
3183,56021,3.7
3184,56023,3.7
3185,56025,4.5
3186,56027,2.7
3187,56029,4.2
3188,56031,3.6
3189,56033,3.9
3190,56035,4.1
3191,56037,4.0
3192,56039,2.9
3193,56041,4.2
3194,56043,4.1
3195,56045,3.3
3196,72000,9.2
3197,72001,13.7
3198,72003,11.1
3199,72005,12.4
3200,72007,10.1
3201,72009,11.9
3202,72011,9.6
3203,72013,10.4
3204,72015,13.7
3205,72017,11.8
3206,72019,10.2
3207,72021,6.8
3208,72023,10.4
3209,72025,7.8
3210,72027,9.8
3211,72029,7.9
3212,72031,6.8
3213,72033,8.0
3214,72035,7.7
3215,72037,13.6
3216,72039,12.5
3217,72041,7.6
3218,72043,13.8
3219,72045,10.3
3220,72047,9.4
3221,72049,4.4
3222,72051,5.8
3223,72053,14.1
3224,72054,11.9
3225,72055,15.5
3226,72057,13.3
3227,72059,14.4
3228,72061,4.4
3229,72063,6.4
3230,72065,12.7
3231,72067,9.8
3232,72069,11.6
3233,72071,10.6
3234,72073,10.6
3235,72075,10.5
3236,72077,9.5
3237,72079,15.3
3238,72081,16.2
3239,72083,14.1
3240,72085,9.7
3241,72087,8.3
3242,72089,13.5
3243,72091,8.6
3244,72093,15.1
3245,72095,15.2
3246,72097,11.4
3247,72099,11.8
3248,72101,9.7
3249,72103,11.1
3250,72105,9.8
3251,72107,12.3
3252,72109,17.5
3253,72111,13.8
3254,72113,9.8
3255,72115,13.8
3256,72117,14.2
3257,72119,9.2
3258,72121,13.9
3259,72123,14.8
3260,72125,12.2
3261,72127,6.2
3262,72129,10.1
3263,72131,14.6
3264,72133,12.8
3265,72135,6.3
3266,72137,6.6
3267,72139,5.2
3268,72141,11.6
3269,72143,8.8
3270,72145,10.4
3271,72147,16.5
3272,72149,15.8
3273,72151,14.3
3274,72153,14.7
